Period,Lower 48 States Storage (Bcf),East Region Storage (Bcf),Midwest Region Storage (Bcf),Salt Region SC Storage (Bcf),Nonsalt Region SC Storage (Bcf),South Central Region Storage (Bcf),Mountain Region Storage (Bcf),Pacific Region Storage (Bcf)
2010-01-01,3117,769,900,159,826,985,195,268
2010-01-08,2850,703,820,123,763,886,185,257
2010-01-15,2607,642,750,91,702,793,176,246
2010-01-22,2521,616,710,102,687,789,171,235
2010-01-29,2406,582,661,108,671,779,164,221
2010-02-05,2214,523,604,95,624,719,157,211
2010-02-12,2026,471,552,85,573,658,148,197
2010-02-19,1853,425,502,71,521,592,141,193
2010-02-26,1738,390,464,70,496,566,133,184
2010-03-05,1627,349,433,63,472,535,129,182
2010-03-12,1614,341,422,71,477,548,127,176
2010-03-19,1626,334,419,80,487,567,126,179
2010-03-26,1638,336,410,89,492,581,126,185
2010-04-02,1670,333,410,101,511,612,126,189
2010-04-09,1754,358,429,112,537,649,126,193
2010-04-16,1828,376,444,120,559,679,129,199
2010-04-23,1912,397,462,126,584,710,134,209
2010-04-30,1994,416,480,133,608,741,138,220
2010-05-07,2091,444,506,138,632,770,142,230
2010-05-14,2165,463,520,144,650,794,147,241
2010-05-21,2268,491,546,149,675,824,154,253
2010-05-28,2357,518,567,151,695,846,161,265
2010-06-04,2456,545,593,158,716,874,165,279
2010-06-11,2542,571,619,160,735,895,168,288
2010-06-18,2625,596,645,161,751,912,173,299
2010-06-25,2684,615,666,158,762,920,178,305
2010-07-02,2761,638,691,160,778,938,182,311
2010-07-09,2841,659,715,168,794,962,188,318
2010-07-16,2893,681,735,163,805,968,192,317
2010-07-23,2919,698,751,157,805,962,195,314
2010-07-30,2947,716,766,148,807,955,197,313
2010-08-06,2984,737,788,144,802,946,199,314
2010-08-13,3013,758,808,136,794,930,202,314
2010-08-20,3054,781,833,131,794,925,205,309
2010-08-27,3105,805,861,133,797,930,209,301
2010-09-03,3163,814,886,136,812,948,212,303
2010-09-10,3267,835,919,150,834,984,221,307
2010-09-17,3341,856,951,150,855,1005,223,307
2010-09-24,3415,876,979,153,871,1024,227,309
2010-10-01,3499,896,1011,162,893,1055,230,307
2010-10-08,3590,912,1039,168,927,1095,232,313
2010-10-15,3683,930,1071,182,950,1132,233,317
2010-10-22,3754,940,1096,189,973,1162,236,321
2010-10-29,3821,955,1120,193,995,1188,235,323
2010-11-05,3840,950,1124,199,1004,1203,236,327
2010-11-12,3834,940,1126,207,999,1206,236,326
2010-11-19,3828,940,1115,211,999,1210,234,329
2010-11-26,3805,940,1100,218,1006,1224,227,313
2010-12-03,3717,918,1071,215,993,1208,222,298
2010-12-10,3553,862,1017,205,960,1165,216,293
2010-12-17,3369,807,956,186,922,1108,209,289
2010-12-24,3232,756,904,182,905,1087,201,284
2010-12-31,3097,715,866,175,875,1050,192,275
2011-01-07,2960,684,817,183,847,1030,181,248
2011-01-14,2716,622,753,158,781,939,172,229
2011-01-21,2543,577,696,153,732,885,164,221
2011-01-28,2355,519,639,142,688,830,156,211
2011-02-04,2144,470,578,123,640,763,145,187
2011-02-11,1910,421,510,90,582,672,137,171
2011-02-18,1831,392,482,90,572,662,132,162
2011-02-25,1745,359,445,100,571,671,124,147
2011-03-04,1672,330,412,106,570,676,118,136
2011-03-11,1616,308,384,111,563,674,113,137
2011-03-18,1611,296,373,121,567,688,112,141
2011-03-25,1622,293,369,131,582,713,110,137
2011-04-01,1578,265,346,138,578,716,110,142
2011-04-08,1606,269,349,143,593,736,107,145
2011-04-15,1654,284,362,143,610,753,106,148
2011-04-22,1685,298,362,144,622,766,105,153
2011-04-29,1757,321,380,149,640,789,105,161
2011-05-06,1827,344,398,155,657,812,106,168
2011-05-13,1919,375,423,161,676,837,108,177
2011-05-20,2023,405,447,175,699,874,111,186
2011-05-27,2107,434,469,177,715,892,115,197
2011-06-03,2188,458,494,179,731,910,120,206
2011-06-10,2257,483,517,180,736,916,125,217
2011-06-17,2354,515,548,184,747,931,131,229
2011-06-24,2432,542,576,182,759,941,136,237
2011-07-01,2526,574,605,184,773,957,142,248
2011-07-08,2611,602,635,185,787,972,148,254
2011-07-15,2671,627,660,176,790,966,154,264
2011-07-22,2714,646,681,167,791,958,158,271
2011-07-29,2759,666,703,160,794,954,152,285
2011-08-05,2783,683,724,151,782,933,155,288
2011-08-12,2833,702,752,142,783,925,160,294
2011-08-19,2906,729,784,143,789,932,164,298
2011-08-26,2960,751,815,139,790,929,168,298
2011-09-02,3025,776,848,139,793,932,171,298
2011-09-09,3110,801,882,144,807,951,176,299
2011-09-16,3201,825,916,153,822,975,180,305
2011-09-23,3311,855,953,166,841,1007,185,312
2011-09-30,3408,879,990,170,861,1031,189,319
2011-10-07,3521,900,1023,188,886,1074,194,330
2011-10-14,3624,922,1059,206,905,1111,196,337
2011-10-21,3717,939,1086,226,925,1151,198,342
2011-10-28,3793,947,1109,244,945,1189,200,348
2011-11-04,3830,950,1122,253,951,1204,201,353
2011-11-11,3844,955,1123,263,949,1212,201,353
2011-11-18,3853,957,1122,268,948,1216,203,356
2011-11-25,3850,953,1108,276,953,1229,204,357
2011-12-02,3830,951,1093,281,943,1224,203,359
2011-12-09,3729,935,1061,276,921,1197,195,342
2011-12-16,3628,905,1028,274,908,1182,191,324
2011-12-23,3548,881,998,275,898,1173,186,309
2011-12-30,3471,853,964,279,884,1163,183,308
2012-01-06,3377,819,923,274,873,1147,180,308
2012-01-13,3290,791,890,276,858,1134,174,301
2012-01-20,3098,728,831,260,830,1090,165,283
2012-01-27,2966,682,778,254,814,1068,160,278
2012-02-03,2888,656,745,250,806,1056,157,275
2012-02-10,2761,616,702,240,778,1018,152,272
2012-02-17,2595,570,651,217,744,961,146,267
2012-02-24,2513,545,619,214,728,942,141,266
2012-03-02,2433,515,589,216,718,934,137,258
2012-03-09,2369,491,558,223,710,933,133,255
2012-03-16,2380,489,550,232,720,952,134,255
2012-03-23,2429,506,557,247,733,980,134,253
2012-03-30,2472,510,563,260,746,1006,137,256
2012-04-06,2478,515,564,258,743,1001,137,261
2012-04-13,2503,524,569,259,747,1006,139,265
2012-04-20,2546,546,587,254,752,1006,139,270
2012-04-27,2576,557,597,249,756,1005,142,276
2012-05-04,2606,571,607,241,760,1001,144,283
2012-05-11,2667,597,628,238,770,1008,146,289
2012-05-18,2744,621,648,257,770,1027,148,300
2012-05-25,2815,644,669,261,781,1042,151,309
2012-06-01,2877,663,689,260,793,1053,155,318
2012-06-08,2944,685,709,261,802,1063,159,327
2012-06-15,3006,704,727,265,812,1077,162,335
2012-06-22,3063,719,746,267,824,1091,165,342
2012-06-29,3102,738,764,258,822,1080,169,353
2012-07-06,3135,747,775,251,828,1079,174,360
2012-07-13,3163,756,789,247,833,1080,178,360
2012-07-20,3190,764,801,242,837,1079,182,364
2012-07-27,3217,775,820,234,839,1073,185,364
2012-08-03,3240,786,839,226,841,1067,187,361
2012-08-10,3261,796,858,220,843,1063,189,354
2012-08-17,3308,815,887,218,850,1068,193,345
2012-08-24,3374,836,913,227,857,1084,196,345
2012-08-31,3402,847,936,221,856,1077,200,342
2012-09-07,3429,857,964,207,855,1062,204,341
2012-09-14,3496,874,991,217,865,1082,209,341
2012-09-21,3576,892,1018,232,879,1111,213,342
2012-09-28,3654,908,1044,245,892,1137,217,347
2012-10-05,3726,926,1067,260,904,1164,220,348
2012-10-12,3776,936,1081,271,911,1182,221,355
2012-10-19,3843,945,1100,286,924,1210,225,362
2012-10-26,3907,960,1119,300,933,1233,227,368
2012-11-02,3928,960,1124,307,933,1240,230,375
2012-11-09,3910,942,1118,310,932,1242,231,377
2012-11-16,3873,935,1107,311,919,1230,227,374
2012-11-23,3876,927,1103,317,924,1241,228,378
2012-11-30,3804,902,1072,316,912,1228,228,375
2012-12-07,3806,900,1062,320,920,1240,228,376
2012-12-14,3724,884,1029,312,904,1216,222,372
2012-12-21,3653,868,1004,310,896,1206,216,360
2012-12-28,3517,829,959,302,868,1170,207,352
2013-01-04,3316,776,901,283,828,1111,197,333
2013-01-11,3167,736,855,275,797,1072,190,316
2013-01-18,2996,708,804,260,760,1020,178,286
2013-01-25,2802,651,732,244,729,973,172,274
2013-02-01,2684,608,688,240,714,954,165,269
2013-02-08,2526,549,631,234,687,921,159,266
2013-02-15,2400,512,590,225,662,887,153,259
2013-02-22,2229,458,534,208,630,838,146,252
2013-03-01,2082,424,493,190,590,780,139,247
2013-03-08,1938,377,448,175,557,732,136,245
2013-03-15,1876,357,422,180,537,717,132,248
2013-03-22,1781,324,382,178,522,700,127,248
2013-03-29,1687,302,356,166,493,659,122,248
2013-04-05,1674,295,347,168,486,654,123,256
2013-04-12,1705,310,351,179,487,666,120,258
2013-04-19,1734,329,354,187,489,676,117,258
2013-04-26,1776,344,356,198,499,697,118,262
2013-05-03,1866,376,376,212,516,728,118,268
2013-05-10,1964,408,399,228,532,760,120,278
2013-05-17,2052,433,419,239,553,792,122,285
2013-05-24,2142,461,445,243,572,815,127,294
2013-05-31,2252,491,473,254,598,852,132,304
2013-06-07,2347,520,500,259,618,877,137,313
2013-06-14,2439,551,529,261,637,898,140,321
2013-06-21,2533,578,560,263,659,922,144,330
2013-06-28,2606,599,586,265,671,936,148,336
2013-07-05,2687,622,616,274,689,963,152,334
2013-07-12,2745,634,641,275,704,979,154,337
2013-07-19,2786,642,658,274,716,990,157,337
2013-07-26,2845,661,684,267,734,1001,160,340
2013-08-02,2940,687,715,265,750,1015,164,359
2013-08-09,3007,708,745,261,759,1020,168,366
2013-08-16,3063,725,774,258,766,1024,172,368
2013-08-23,3131,743,805,260,781,1041,177,365
2013-08-30,3189,760,831,261,791,1052,181,364
2013-09-06,3253,778,861,262,805,1067,184,362
2013-09-13,3299,794,885,259,810,1069,188,363
2013-09-20,3385,817,917,267,827,1094,192,366
2013-09-27,3487,840,951,278,848,1126,197,373
2013-10-04,3577,861,980,287,869,1156,202,378
2013-10-11,3655,879,1008,294,885,1179,205,383
2013-10-18,3741,901,1036,311,900,1211,208,384
2013-10-25,3779,908,1046,318,912,1230,211,385
2013-11-01,3816,910,1054,325,927,1252,213,386
2013-11-08,3834,917,1057,332,930,1262,214,384
2013-11-15,3789,900,1042,327,922,1249,215,383
2013-11-22,3775,897,1031,331,924,1255,214,378
2013-11-29,3613,863,987,303,885,1188,208,368
2013-12-06,3533,843,961,309,870,1179,200,350
2013-12-13,3248,792,881,277,805,1082,187,307
2013-12-20,3071,737,821,263,778,1041,182,291
2013-12-27,2975,715,776,269,759,1028,175,281
2014-01-03,2817,672,721,259,727,986,169,269
2014-01-10,2529,606,638,211,670,881,159,246
2014-01-17,2424,580,598,213,644,857,153,236
2014-01-24,2184,525,528,178,587,765,145,220
2014-01-31,1924,459,452,137,537,674,136,202
2014-02-07,1693,417,390,109,484,593,124,169
2014-02-14,1444,356,323,77,427,504,115,147
2014-02-21,1348,317,284,96,404,500,109,139
2014-02-28,1196,280,239,88,371,459,101,117
2014-03-07,1002,231,194,54,327,381,94,103
2014-03-14,953,213,176,62,307,369,91,103
2014-03-21,895,192,158,65,289,354,87,103
2014-03-28,824,167,138,60,272,332,85,102
2014-04-04,827,167,133,68,273,341,82,105
2014-04-11,850,169,137,76,275,351,81,113
2014-04-18,899,181,141,89,284,373,80,124
2014-04-25,981,198,158,104,304,408,82,135
2014-05-02,1055,215,177,113,321,434,83,145
2014-05-09,1160,243,210,126,336,462,86,159
2014-05-16,1267,277,241,140,351,491,89,169
2014-05-23,1380,308,273,152,370,522,94,183
2014-05-30,1499,341,310,163,390,553,100,196
2014-06-06,1607,370,345,172,409,581,104,207
2014-06-13,1719,403,383,177,431,608,109,217
2014-06-20,1829,433,419,185,447,632,115,230
2014-06-27,1928,462,455,188,462,650,120,241
2014-07-04,2023,482,490,194,480,674,127,250
2014-07-11,2128,509,528,201,501,702,131,258
2014-07-18,2219,532,561,207,518,725,136,265
2014-07-25,2307,557,593,210,534,744,141,272
2014-08-01,2388,584,627,212,546,758,145,274
2014-08-08,2467,608,662,213,555,768,149,281
2014-08-15,2555,635,699,214,568,782,153,286
2014-08-22,2631,659,736,210,578,788,156,292
2014-08-29,2709,681,772,211,587,798,159,299
2014-09-05,2801,704,809,216,601,817,164,306
2014-09-12,2890,727,843,222,621,843,169,309
2014-09-19,2988,758,877,234,640,874,170,309
2014-09-26,3099,790,913,248,662,910,174,313
2014-10-03,3205,817,948,260,682,942,176,322
2014-10-10,3298,840,973,272,704,976,181,328
2014-10-17,3393,859,1002,285,729,1014,184,335
2014-10-24,3480,877,1024,298,754,1052,187,340
2014-10-31,3571,894,1051,314,777,1091,189,346
2014-11-07,3611,895,1057,327,792,1119,191,349
2014-11-14,3594,892,1050,329,790,1119,184,349
2014-11-21,3432,852,1001,306,759,1065,177,337
2014-11-28,3410,839,980,314,762,1076,176,338
2014-12-05,3359,819,951,323,760,1083,173,333
2014-12-12,3296,792,923,325,748,1073,170,337
2014-12-19,3246,776,902,327,743,1070,165,332
2014-12-26,3220,765,885,330,742,1072,163,335
2015-01-02,3089,737,849,324,716,1040,152,312
2015-01-09,2854,685,774,291,669,960,142,292
2015-01-16,2637,631,711,260,618,878,136,281
2015-01-23,2543,595,677,257,605,862,134,275
2015-01-30,2428,553,632,247,591,838,133,273
2015-02-06,2268,501,572,231,560,791,130,275
2015-02-13,2158,458,518,222,549,771,132,278
2015-02-20,1938,401,435,181,515,696,127,279
2015-02-27,1709,353,361,136,470,606,118,271
2015-03-06,1511,309,303,108,420,528,111,260
2015-03-13,1468,290,285,108,414,522,111,261
2015-03-20,1479,275,279,121,427,548,113,264
2015-03-27,1461,255,261,132,430,562,114,269
2015-04-03,1476,242,256,146,442,588,117,273
2015-04-10,1539,250,263,171,466,637,117,273
2015-04-17,1628,271,282,191,490,681,118,276
2015-04-24,1711,294,296,209,512,721,118,281
2015-05-01,1785,310,311,223,535,758,119,287
2015-05-08,1897,341,339,243,559,802,123,292
2015-05-15,1989,371,364,251,581,832,125,298
2015-05-22,2101,404,396,261,605,866,129,307
2015-05-29,2233,440,431,277,633,910,136,316
2015-06-05,2344,470,464,291,655,946,142,322
2015-06-12,2433,499,493,295,673,968,147,327
2015-06-19,2506,524,517,295,686,982,150,333
2015-06-26,2579,552,546,292,700,993,155,333
2015-07-03,2666,584,582,297,716,1013,158,329
2015-07-10,2764,609,612,305,739,1045,164,334
2015-07-17,2823,627,636,304,752,1056,167,337
2015-07-24,2872,643,659,300,759,1059,171,340
2015-07-31,2910,658,683,292,762,1054,174,341
2015-08-07,2975,681,713,291,769,1061,176,344
2015-08-14,3027,704,740,286,773,1059,179,345
2015-08-21,3094,725,770,287,784,1071,183,345
2015-08-28,3190,751,815,290,801,1091,188,345
2015-09-04,3262,769,848,293,811,1105,191,349
2015-09-11,3336,787,883,298,828,1125,194,347
2015-09-18,3441,812,918,312,850,1162,197,352
2015-09-25,3537,837,952,321,870,1192,201,355
2015-10-02,3634,863,984,331,891,1222,206,359
2015-10-09,3731,880,1016,346,912,1258,210,367
2015-10-16,3813,899,1046,357,930,1288,213,367
2015-10-23,3875,905,1072,366,944,1309,216,373
2015-10-30,3931,916,1097,371,955,1325,216,377
2015-11-06,3985,929,1117,373,967,1340,217,382
2015-11-13,4000,934,1124,377,970,1347,214,381
2015-11-20,4009,935,1127,382,970,1352,214,381
2015-11-27,3956,919,1109,380,962,1342,211,375
2015-12-04,3880,910,1083,379,943,1323,203,361
2015-12-11,3846,894,1066,376,946,1322,203,361
2015-12-18,3814,894,1051,378,947,1325,198,346
2015-12-25,3756,876,1025,378,944,1322,195,338
2016-01-01,3643,857,983,379,925,1305,185,313
2016-01-08,3475,802,942,364,895,1259,177,295
2016-01-15,3297,758,879,345,864,1209,170,281
2016-01-22,3086,695,811,321,821,1143,164,273
2016-01-29,2934,641,767,303,793,1096,159,271
2016-02-05,2864,620,739,312,784,1096,151,258
2016-02-12,2701,568,689,286,756,1042,147,255
2016-02-19,2584,512,645,281,743,1024,147,256
2016-02-26,2536,495,621,285,735,1020,145,255
2016-03-04,2479,464,587,291,733,1024,146,258
2016-03-11,2478,452,577,303,740,1043,147,259
2016-03-18,2493,453,571,312,749,1061,148,260
2016-03-25,2468,439,555,315,750,1065,147,262
2016-04-01,2480,434,548,323,761,1084,149,265
2016-04-08,2477,419,538,334,767,1101,150,269
2016-04-15,2484,408,538,342,774,1115,152,271
2016-04-22,2557,431,554,352,788,1140,155,277
2016-04-29,2625,454,566,362,802,1164,157,284
2016-05-06,2681,468,582,368,813,1182,161,288
2016-05-13,2754,490,606,371,828,1199,166,293
2016-05-20,2825,511,629,372,844,1216,171,298
2016-05-27,2907,537,655,370,863,1233,178,304
2016-06-03,2972,559,679,370,874,1244,183,307
2016-06-10,3041,585,703,368,885,1253,188,312
2016-06-17,3103,612,724,366,890,1255,194,318
2016-06-24,3140,632,742,360,893,1253,198,315
2016-07-01,3179,654,764,354,893,1246,202,313
2016-07-08,3243,678,785,355,898,1253,208,319
2016-07-15,3277,697,801,349,901,1251,210,318
2016-07-22,3294,715,815,336,897,1233,213,318
2016-07-29,3288,729,825,320,886,1207,213,314
2016-08-05,3317,746,845,313,884,1197,215,314
2016-08-12,3339,763,861,305,881,1185,217,313
2016-08-19,3350,775,875,292,879,1171,219,310
2016-08-26,3401,796,904,287,883,1169,222,310
2016-09-02,3437,812,928,280,880,1160,224,313
2016-09-09,3499,832,954,285,884,1169,227,317
2016-09-16,3551,851,985,278,889,1167,230,318
2016-09-23,3600,874,1014,275,885,1161,233,318
2016-09-30,3680,899,1045,289,893,1181,237,318
2016-10-07,3759,913,1071,305,907,1212,240,323
2016-10-14,3836,925,1093,330,920,1250,243,325
2016-10-21,3909,939,1115,352,931,1284,245,326
2016-10-28,3963,940,1130,374,944,1318,249,326
2016-11-04,4017,946,1148,385,958,1343,253,327
2016-11-11,4047,944,1155,394,969,1363,257,328
2016-11-18,4045,935,1153,396,974,1370,259,328
2016-11-25,3995,912,1130,400,967,1367,258,328
2016-12-02,3953,899,1112,403,960,1363,256,323
2016-12-09,3806,865,1071,388,927,1314,244,312
2016-12-16,3597,810,1007,363,884,1248,230,302
2016-12-23,3360,757,946,324,833,1157,217,283
2016-12-30,3311,737,921,343,828,1171,207,275
2017-01-06,3160,698,865,343,794,1137,197,263
2017-01-13,2917,639,795,312,740,1052,183,248
2017-01-20,2798,596,757,325,712,1037,173,235
2017-01-27,2711,569,730,340,687,1027,164,221
2017-02-03,2559,520,685,338,654,991,155,208
2017-02-10,2445,479,642,332,636,969,150,205
2017-02-17,2356,431,612,328,633,961,146,206
2017-02-24,2363,422,608,333,649,982,146,205
2017-03-03,2295,404,579,326,646,972,139,201
2017-03-10,2242,368,557,325,653,977,137,203
2017-03-17,2092,309,506,295,637,932,137,208
2017-03-24,2049,278,486,289,644,932,141,212
2017-03-31,2051,268,479,295,651,946,142,216
2017-04-07,2061,266,476,301,656,957,141,221
2017-04-14,2115,278,487,314,670,983,144,223
2017-04-21,2189,303,504,321,684,1005,149,228
2017-04-28,2256,325,519,329,697,1026,153,233
2017-05-05,2301,350,524,331,702,1034,155,238
2017-05-12,2369,367,540,337,720,1057,161,244
2017-05-19,2444,390,562,338,738,1076,166,250
2017-05-26,2525,419,585,342,755,1097,166,258
2017-06-02,2631,457,614,345,774,1119,172,269
2017-06-09,2709,491,634,348,784,1133,177,274
2017-06-16,2770,513,656,343,794,1138,182,281
2017-06-23,2816,536,676,341,799,1140,184,280
2017-06-30,2878,564,699,332,810,1141,187,287
2017-07-07,2936,588,719,327,817,1144,193,292
2017-07-14,2963,609,733,319,816,1135,194,292
2017-07-21,2980,626,743,308,812,1120,197,294
2017-07-28,2999,651,754,296,805,1101,200,293
2017-08-04,3029,673,771,290,804,1094,202,289
2017-08-11,3082,701,798,283,804,1087,204,292
2017-08-18,3125,728,821,274,800,1074,206,296
2017-08-25,3155,749,840,262,797,1060,205,301
2017-09-01,3220,781,872,266,800,1066,205,296
2017-09-08,3311,809,906,285,807,1092,208,296
2017-09-15,3408,833,938,304,821,1125,212,300
2017-09-22,3466,848,964,305,825,1130,217,307
2017-09-29,3508,861,989,300,827,1127,220,311
2017-10-06,3595,884,1024,310,838,1149,223,315
2017-10-13,3645,901,1054,302,848,1150,224,316
2017-10-20,3710,915,1082,313,861,1174,224,315
2017-10-27,3775,926,1107,324,874,1199,226,317
2017-11-03,3790,925,1112,336,876,1212,224,317
2017-11-10,3772,915,1108,341,873,1214,220,315
2017-11-17,3726,891,1090,340,871,1211,220,314
2017-11-24,3693,876,1068,348,866,1214,221,314
2017-12-01,3695,868,1058,360,875,1235,221,313
2017-12-08,3626,855,1033,360,860,1220,213,305
2017-12-15,3444,811,980,330,825,1155,204,294
2017-12-22,3332,782,941,324,809,1133,195,281
2017-12-29,3126,740,875,302,759,1060,183,268
2018-01-05,2767,664,778,224,683,907,167,251
2018-01-12,2584,614,717,206,646,851,158,244
2018-01-19,2296,555,634,151,578,729,145,233
2018-01-26,2197,525,596,169,550,719,137,220
2018-02-02,2078,488,543,184,518,703,131,213
2018-02-09,1884,432,468,178,472,649,122,213
2018-02-16,1760,403,428,175,440,614,111,204
2018-02-23,1682,382,398,183,429,611,102,189
2018-03-02,1625,359,380,189,423,612,97,177
2018-03-09,1532,314,350,186,420,606,93,169
2018-03-16,1446,270,315,182,419,602,90,169
2018-03-23,1383,242,284,181,422,603,88,166
2018-03-30,1354,229,266,188,419,606,87,166
2018-04-06,1335,217,246,196,422,618,83,171
2018-04-13,1299,207,228,185,421,606,83,175
2018-04-20,1281,205,211,182,421,604,84,177
2018-04-27,1343,223,221,190,436,626,86,187
2018-05-04,1432,243,240,204,458,662,92,195
2018-05-11,1538,275,267,216,477,694,98,204
2018-05-18,1629,299,288,226,496,722,107,213
2018-05-25,1725,328,315,235,514,748,113,221
2018-06-01,1817,351,341,245,528,773,121,231
2018-06-08,1913,377,372,252,547,800,125,239
2018-06-15,2008,406,401,258,570,828,127,246
2018-06-22,2074,430,425,252,583,835,133,251
2018-06-29,2152,460,455,245,596,841,139,257
2018-07-06,2203,480,477,238,605,843,143,260
2018-07-13,2248,507,501,231,607,838,144,259
2018-07-20,2272,527,525,215,605,820,145,256
2018-07-27,2305,552,552,206,601,807,146,249
2018-08-03,2353,574,580,204,604,808,148,244
2018-08-10,2386,590,604,195,606,802,151,239
2018-08-17,2435,611,633,190,609,799,153,238
2018-08-24,2504,637,669,188,613,801,157,240
2018-08-31,2567,659,702,183,615,799,162,246
2018-09-07,2636,679,734,182,624,806,166,250
2018-09-14,2722,709,770,184,635,818,170,255
2018-09-21,2768,729,800,173,634,807,173,259
2018-09-28,2866,763,836,181,648,829,177,262
2018-10-05,2956,790,871,191,663,854,180,262
2018-10-12,3037,812,908,203,673,877,177,264
2018-10-19,3095,825,934,218,678,896,177,262
2018-10-26,3143,826,956,234,686,919,180,262
2018-11-02,3208,831,980,253,696,949,182,265
2018-11-09,3247,835,991,272,702,974,181,266
2018-11-16,3113,803,959,251,668,919,174,258
2018-11-23,3054,778,938,259,654,914,171,254
2018-11-30,2991,752,914,263,642,905,168,253
2018-12-07,2914,732,885,271,627,898,160,238
2018-12-14,2773,692,841,262,598,860,153,227
2018-12-21,2725,676,818,274,584,858,150,223
2018-12-28,2705,661,798,296,582,878,147,220
2019-01-04,2614,651,763,302,563,865,132,204
2019-01-11,2533,620,729,303,557,861,127,196
2019-01-18,2370,566,673,295,528,823,121,185
2019-01-25,2197,527,606,278,493,771,114,178
2019-02-01,1960,468,522,241,451,692,105,172
2019-02-08,1882,444,492,248,447,696,95,155
2019-02-15,1705,395,436,224,425,649,87,138
2019-02-22,1539,354,385,199,399,598,79,122
2019-03-01,1390,311,338,180,377,557,73,112
2019-03-08,1190,262,287,129,344,473,66,102
2019-03-15,1143,245,268,135,336,471,62,96
2019-03-22,1107,225,248,137,329,467,62,104
2019-03-29,1130,210,241,156,347,502,64,113
2019-04-05,1155,209,240,166,357,523,64,119
2019-04-12,1247,228,254,187,384,571,66,128
2019-04-19,1339,251,264,204,413,616,70,138
2019-04-26,1462,279,290,224,442,666,75,152
2019-05-03,1547,299,309,234,466,699,78,162
2019-05-10,1653,330,336,240,491,731,82,174
2019-05-17,1753,353,364,249,513,762,89,186
2019-05-24,1867,383,399,253,540,793,93,198
2019-05-31,1986,414,436,256,565,821,101,213
2019-06-07,2088,440,469,256,586,842,111,227
2019-06-14,2203,472,503,264,612,875,118,234
2019-06-21,2301,499,538,263,630,893,127,245
2019-06-28,2390,526,568,259,648,907,134,255
2019-07-05,2471,544,597,257,669,927,140,263
2019-07-12,2533,561,627,246,683,929,147,268
2019-07-19,2569,575,650,229,692,921,151,271
2019-07-26,2634,597,677,226,708,934,156,270
2019-08-02,2689,613,701,221,719,941,161,272
2019-08-09,2738,634,729,214,725,939,164,272
2019-08-16,2797,660,760,205,730,935,168,274
2019-08-23,2857,682,790,199,736,934,173,278
2019-08-30,2941,714,827,197,749,947,177,276
2019-09-06,3019,739,864,199,759,958,183,275
2019-09-13,3103,763,898,200,774,974,188,279
2019-09-20,3205,794,934,207,790,998,194,286
2019-09-27,3317,826,973,220,809,1029,199,291
2019-10-04,3415,854,1009,229,825,1054,203,296
2019-10-11,3519,880,1044,246,847,1093,205,296
2019-10-18,3606,898,1069,268,866,1134,208,297
2019-10-25,3695,913,1095,293,885,1178,211,298
2019-11-01,3729,932,1109,303,886,1189,207,292
2019-11-08,3732,932,1106,313,884,1197,207,290
2019-11-15,3638,909,1069,299,864,1164,205,292
2019-11-22,3610,894,1052,303,863,1166,204,293
2019-11-29,3591,891,1040,316,858,1174,200,286
2019-12-06,3518,867,1013,321,847,1168,193,276
2019-12-13,3411,838,973,319,823,1142,186,273
2019-12-20,3250,796,923,309,786,1094,177,260
2019-12-27,3192,771,905,313,780,1093,173,251
2020-01-03,3148,756,885,323,774,1097,166,244
2020-01-10,3039,716,851,320,756,1076,161,235
2020-01-17,2947,696,815,328,737,1065,151,220
2020-01-24,2746,638,761,297,698,995,143,210
2020-01-31,2609,598,725,281,660,941,136,210
2020-02-07,2494,569,694,269,634,903,126,202
2020-02-14,2343,527,639,257,605,861,117,198
2020-02-21,2200,484,591,244,578,821,108,196
2020-02-28,2091,451,558,229,555,784,101,197
2020-03-06,2043,426,529,235,556,791,97,200
2020-03-13,2034,412,512,247,568,814,96,199
2020-03-20,2005,398,492,258,571,829,92,194
2020-03-27,1986,382,476,256,585,840,92,197
2020-04-03,2024,382,475,265,607,872,92,203
2020-04-10,2097,400,487,286,626,912,95,203
2020-04-17,2140,400,493,301,640,941,96,210
2020-04-24,2210,405,506,314,664,979,103,218
2020-05-01,2319,424,530,331,695,1027,111,228
2020-05-08,2422,452,554,340,719,1059,117,240
2020-05-15,2503,469,576,345,737,1081,124,253
2020-05-22,2612,504,606,348,757,1105,132,264
2020-05-29,2714,536,634,353,778,1131,140,273
2020-06-05,2807,563,662,357,797,1153,148,281
2020-06-12,2892,586,688,358,815,1173,156,290
2020-06-19,3012,619,716,372,840,1212,165,299
2020-06-26,3077,639,740,368,854,1222,173,304
2020-07-03,3133,657,761,364,862,1226,180,310
2020-07-10,3178,672,780,359,869,1228,186,312
2020-07-17,3215,693,799,349,872,1221,190,311
2020-07-24,3241,706,815,339,872,1211,196,313
2020-07-31,3274,718,830,336,878,1214,202,311
2020-08-07,3332,738,856,337,883,1219,206,314
2020-08-14,3375,750,880,335,888,1223,209,313
2020-08-21,3420,775,904,334,889,1223,212,306
2020-08-28,3455,789,924,331,895,1225,212,304
2020-09-04,3525,805,953,335,908,1243,216,308
2020-09-11,3614,825,983,349,927,1276,221,310
2020-09-18,3680,851,1009,349,934,1283,225,312
2020-09-25,3756,872,1033,358,945,1304,231,316
2020-10-02,3831,893,1062,366,955,1322,236,318
2020-10-09,3877,908,1081,366,960,1326,241,320
2020-10-16,3926,923,1105,360,969,1329,245,323
2020-10-23,3955,941,1118,360,968,1329,245,323
2020-10-30,3919,947,1119,348,945,1293,240,320
2020-11-06,3927,942,1127,345,948,1293,243,322
2020-11-13,3958,953,1139,350,956,1306,241,319
2020-11-20,3940,934,1133,356,956,1312,242,320
2020-11-27,3939,934,1122,368,958,1326,240,318
2020-12-04,3848,915,1095,361,933,1294,232,312
2020-12-11,3726,881,1059,348,908,1256,223,306
2020-12-18,3574,844,1015,337,870,1207,212,296
2020-12-25,3460,810,973,334,849,1183,204,289
2021-01-01,3330,765,923,333,830,1163,196,282
2021-01-08,3196,726,879,327,799,1126,188,278
2021-01-15,3009,679,828,296,755,1051,176,275
2021-01-22,2881,641,780,288,726,1014,170,275
2021-01-29,2689,582,719,281,689,970,158,261
2021-02-05,2518,529,666,261,654,915,150,257
2021-02-12,2281,485,589,233,593,826,137,244
2021-02-19,1943,424,508,150,520,670,123,218
2021-02-26,1845,383,465,159,511,670,117,210
2021-03-05,1793,350,440,176,509,685,113,205
2021-03-12,1782,328,426,197,519,715,114,199
2021-03-19,1750,307,405,215,519,734,112,193
2021-03-26,1764,307,401,226,523,749,112,194
2021-04-02,1784,305,398,235,533,768,115,198
2021-04-09,1845,311,414,251,547,798,118,205
2021-04-16,1883,325,421,256,554,810,118,210
2021-04-23,1898,319,427,258,558,816,119,217
2021-04-30,1958,332,442,264,572,836,124,224
2021-05-07,2029,347,458,269,588,857,131,235
2021-05-14,2100,358,472,280,608,888,135,247
2021-05-21,2215,385,499,296,635,931,144,256
2021-05-28,2313,413,522,300,659,959,151,268
2021-06-04,2411,445,547,302,681,983,160,276
2021-06-11,2427,461,570,299,696,995,165,236
2021-06-18,2482,488,595,295,697,991,169,239
2021-06-25,2558,513,623,296,709,1005,173,244
2021-07-02,2574,521,638,286,705,991,177,246
2021-07-09,2629,543,662,283,712,995,180,250
2021-07-16,2678,562,683,279,723,1002,183,247
2021-07-23,2714,583,702,269,729,999,184,246
2021-07-30,2727,604,719,250,726,976,184,244
2021-08-06,2776,629,741,247,732,979,185,241
2021-08-13,2822,645,765,244,741,984,188,240
2021-08-20,2851,661,790,229,742,970,188,241
2021-08-27,2871,678,812,214,734,948,190,243
2021-09-03,2923,703,842,208,735,943,191,243
2021-09-10,3006,732,876,217,748,965,193,240
2021-09-17,3082,751,904,228,762,990,196,240
2021-09-24,3170,779,934,239,774,1013,201,243
2021-10-01,3288,810,971,259,795,1054,206,248
2021-10-08,3369,834,997,269,810,1079,210,251
2021-10-15,3461,862,1027,283,825,1108,211,253
2021-10-22,3548,885,1052,304,840,1144,212,255
2021-10-29,3611,899,1071,320,852,1172,213,256
2021-11-05,3618,897,1075,324,850,1175,213,258
2021-11-12,3644,900,1079,331,860,1191,212,261
2021-11-19,3623,889,1066,338,859,1197,210,262
2021-11-26,3564,867,1043,335,851,1185,206,263
2021-12-03,3505,843,1019,328,842,1171,206,266
2021-12-10,3417,818,982,328,829,1158,199,261
2021-12-17,3362,809,963,334,820,1155,188,247
2021-12-24,3226,777,918,326,790,1116,180,235
2021-12-31,3195,767,893,347,796,1143,172,219
2022-01-07,3016,730,835,330,759,1088,159,204
2022-01-14,2810,669,770,308,711,1019,151,201
2022-01-21,2591,609,701,279,658,938,143,201
2022-01-28,2323,541,616,231,606,837,133,196
2022-02-04,2101,485,552,207,556,763,121,181
2022-02-11,1911,435,496,173,516,689,114,177
2022-02-18,1782,396,450,168,487,655,105,176
2022-02-25,1643,358,404,163,457,620,96,164
2022-03-04,1519,317,364,151,431,582,93,162
2022-03-11,1440,290,337,159,412,571,87,155
2022-03-18,1389,268,318,156,404,559,87,157
2022-03-25,1415,268,317,169,412,581,89,161
2022-04-01,1382,241,296,173,416,589,91,165
2022-04-08,1397,229,293,186,431,617,90,169
2022-04-15,1450,238,304,201,449,650,89,169
2022-04-22,1490,238,309,215,467,681,90,171
2022-04-29,1567,253,324,233,489,721,92,176
2022-05-06,1643,274,342,241,507,749,96,183
2022-05-13,1732,296,364,251,531,781,103,187
2022-05-20,1819,325,394,252,547,798,109,193
2022-05-27,1901,345,426,248,569,817,113,200
2022-06-03,2003,376,454,251,593,843,118,211
2022-06-10,2095,407,482,251,612,863,122,221
2022-06-17,2169,430,506,248,628,875,128,231
2022-06-24,2251,461,535,242,644,886,134,235
2022-07-01,2311,482,562,233,657,890,138,240
2022-07-08,2369,501,586,221,669,890,143,249
2022-07-15,2401,521,608,206,669,874,144,253
2022-07-22,2416,532,625,195,667,862,144,253
2022-07-29,2457,549,643,195,671,865,147,253
2022-08-05,2501,564,663,193,681,874,148,252
2022-08-12,2519,571,684,185,681,866,151,248
2022-08-19,2579,598,714,184,687,871,153,243
2022-08-26,2640,614,747,185,696,881,157,241
2022-09-02,2694,635,776,182,705,887,159,238
2022-09-09,2771,661,809,187,717,904,163,235
2022-09-16,2874,690,844,199,736,935,168,237
2022-09-23,2977,721,879,204,754,958,176,243
2022-09-30,3106,756,916,225,778,1003,184,247
2022-10-07,3231,782,952,253,804,1058,190,249
2022-10-14,3342,812,987,271,828,1099,195,249
2022-10-21,3394,825,1007,277,839,1116,199,248
2022-10-28,3501,848,1042,299,861,1160,204,247
2022-11-04,3580,865,1068,311,882,1193,208,247
2022-11-11,3644,882,1084,327,901,1228,208,241
2022-11-18,3564,866,1063,318,882,1200,203,232
2022-11-25,3483,840,1040,314,867,1181,197,226
2022-12-02,3462,834,1028,327,864,1191,193,217
2022-12-09,3412,822,1002,337,862,1199,186,203
2022-12-16,3325,789,974,340,858,1199,178,186
2022-12-23,3112,747,899,323,813,1136,166,165
2022-12-30,2891,691,839,270,770,1040,157,165
2023-01-06,2902,700,823,295,772,1067,153,160
2023-01-13,2820,662,785,307,762,1069,147,157
2023-01-20,2734,622,754,310,757,1067,140,150
2023-01-27,2583,578,708,297,728,1025,132,140
2023-02-03,2366,529,641,271,680,951,120,124
2023-02-10,2266,498,601,262,670,931,114,122
2023-02-17,2195,479,575,262,664,926,106,108
2023-02-24,2114,451,544,261,661,922,99,99
2023-03-03,2030,416,515,261,664,925,92,81
2023-03-10,1972,391,490,266,667,933,87,72
2023-03-17,1900,355,461,262,664,927,84,72
2023-03-24,1853,343,437,262,655,917,82,73
2023-03-31,1830,335,421,263,658,921,80,73
2023-04-07,1855,345,427,261,667,929,80,74
2023-04-14,1930,363,450,266,684,949,84,83
2023-04-21,2009,390,468,275,695,971,90,90
2023-04-28,2063,410,481,278,699,977,95,100
2023-05-05,2141,422,497,287,715,1002,104,114
2023-05-12,2240,458,520,290,734,1023,112,127
2023-05-19,2336,489,546,294,748,1042,120,139
2023-05-26,2446,522,577,304,766,1070,127,151
2023-06-02,2550,552,604,319,774,1093,137,164
2023-06-09,2634,574,632,324,781,1105,148,176
2023-06-16,2729,599,658,330,794,1125,157,191
2023-06-23,2805,623,685,330,798,1128,165,204
2023-06-30,2881,643,705,329,816,1144,173,216
2023-07-07,2930,653,724,323,824,1147,180,225
2023-07-14,2971,661,741,321,829,1150,186,232
2023-07-21,2987,670,757,310,829,1139,189,232
2023-07-28,3001,680,775,297,828,1124,191,230
2023-08-04,3030,700,793,284,824,1108,196,233
2023-08-11,3065,717,812,272,821,1093,202,240
2023-08-18,3083,731,831,260,813,1072,206,242
2023-08-25,3115,751,853,249,801,1050,213,248
2023-09-01,3148,766,877,241,795,1035,218,252
2023-09-08,3205,775,904,241,801,1041,225,260
2023-09-15,3269,793,931,242,811,1053,228,263
2023-09-22,3359,821,962,250,821,1071,234,271
2023-09-29,3445,847,991,259,830,1090,239,278
2023-10-06,3529,874,1021,267,845,1112,244,278
2023-10-13,3626,896,1050,285,868,1152,248,280
2023-10-20,3700,908,1075,299,883,1182,252,283
2023-10-27,3779,925,1100,313,901,1214,255,285
2023-11-03,3773,924,1105,313,893,1206,253,284
2023-11-10,3833,931,1116,332,906,1238,256,292
2023-11-17,3826,918,1118,331,909,1240,255,296
2023-11-24,3836,915,1111,343,917,1260,252,298
2023-12-01,3719,876,1082,334,894,1228,245,289
2023-12-08,3664,857,1055,336,883,1219,243,289
2023-12-15,3577,834,1021,331,872,1203,236,283
2023-12-22,3490,805,985,329,858,1187,232,280
2023-12-29,3476,799,968,344,857,1201,228,280
2024-01-05,3336,757,924,332,828,1160,220,275
2024-01-12,3182,715,873,332,796,1128,208,257
2024-01-19,2856,657,788,269,721,990,194,228
2024-01-26,2659,605,727,248,672,919,185,223
2024-02-02,2584,568,689,257,659,916,183,228
2024-02-09,2530,532,662,271,665,936,178,222
2024-02-16,2470,505,631,278,666,944,173,217
2024-02-23,2374,453,600,275,660,935,169,217
2024-03-01,2334,422,575,285,664,949,169,219
2024-03-08,2325,412,561,294,678,972,167,213
2024-03-15,2332,406,551,300,694,993,166,216
2024-03-22,2296,387,528,294,698,991,166,223
2024-03-29,2259,363,510,294,701,996,162,227
2024-04-05,2283,362,512,299,714,1014,165,229
2024-04-12,2333,379,528,300,729,1029,167,230
2024-04-19,2425,408,551,309,749,1057,173,235
2024-04-26,2484,425,564,314,759,1073,182,240
2024-05-03,2569,454,590,314,773,1087,191,246
2024-05-10,2640,482,613,313,784,1097,196,252
2024-05-17,2719,511,635,319,793,1112,202,259
2024-05-24,2804,538,661,325,804,1129,210,267
2024-05-31,2900,575,688,330,817,1146,218,273
2024-06-07,2974,603,712,336,823,1159,224,276
2024-06-14,3045,631,736,337,831,1168,230,279
2024-06-21,3102,646,758,334,845,1178,236,283
2024-06-28,3134,660,779,326,848,1174,239,282
2024-07-05,3199,682,800,327,856,1183,245,289
2024-07-12,3209,686,814,318,855,1173,248,289
2024-07-19,3231,697,827,313,854,1167,251,289
2024-07-26,3249,711,842,307,851,1157,253,286
2024-08-02,3270,719,854,300,851,1152,257,289
2024-08-09,3264,723,869,286,839,1125,260,287
2024-08-16,3299,735,888,280,845,1125,263,288
2024-08-23,3334,754,909,272,847,1119,266,287
2024-08-30,3347,761,922,267,838,1105,270,289
2024-09-06,3387,780,950,266,832,1098,273,285
2024-09-13,3445,802,973,271,840,1111,275,283
2024-09-20,3493,818,993,264,849,1113,279,289
2024-09-27,3548,846,1012,260,853,1113,283,294
2024-10-04,3630,873,1041,274,862,1136,286,293
2024-10-11,3706,893,1067,292,874,1166,287,294
2024-10-18,3785,901,1086,312,893,1205,291,302
2024-10-25,3864,920,1107,328,911,1240,291,306
2024-11-01,3931,934,1128,339,929,1267,291,310
2024-11-08,3972,943,1141,346,939,1285,291,312
2024-11-15,3969,931,1140,347,944,1291,293,313
2024-11-22,3967,929,1134,353,948,1301,292,310
2024-11-29,3937,914,1115,362,948,1310,289,310
2024-12-06,3747,856,1055,340,911,1251,282,302
2024-12-13,3622,822,1007,338,884,1222,274,296
2024-12-20,3529,792,960,349,868,1217,267,293
2024-12-27,3413,745,914,349,848,1197,262,295
2025-01-03,3373,737,881,364,844,1207,255,293
2025-01-10,3115,669,808,326,788,1114,240,283
2025-01-17,2892,613,744,297,739,1037,229,269
2025-01-24,2571,552,661,229,672,901,212,246
2025-01-31,2397,507,605,217,638,854,200,230
2025-02-07,2297,468,559,229,624,853,193,224
2025-02-14,2101,419,494,214,585,799,182,208
2025-02-21,1840,362,424,159,528,688,168,198
2025-02-28,1760,340,396,150,509,658,166,199
2025-03-07,1698,307,370,161,499,660,165,196
2025-03-14,1707,295,366,181,508,688,165,193
2025-03-21,1744,298,367,202,523,725,163,192
2025-03-28,1773,284,364,218,540,758,165,202
2025-04-04,1830,296,373,233,557,789,165,206
2025-04-11,1846,290,373,242,562,804,166,213
2025-04-18,1934,295,396,266,585,851,171,221
2025-04-25,2041,331,425,281,605,885,174,226
2025-05-02,2145,362,454,293,624,917,180,232
2025-05-09,2255,396,480,308,648,957,185,237
2025-05-16,2375,432,512,321,674,996,192,244
2025-05-23,2476,462,541,328,693,1021,198,254
